index,strat,end,trig,duration
GRB200829A,-62.668,-49.568,993768,13.100000000000001
GRB200819A,0.312,27.256,992099,26.944
GRB200809B,0.084,4.284,987745,4.2
GRB200806A,3.364,42.052,987016,38.688
GRB200729A,1.536,123.536,984929,122.0
GRB200716C,-0.036,86.536,982707,86.572
GRB200713A,21.14,63.112,982201,41.972
GRB200711A,-3.264,26.096,981957,29.36
GRB200701A,-5.12,33.66,980421,38.779999999999994
GRB200630A,-0.248,14.596,980210,14.844
GRB200612A,-1.204,424.72,977310,425.92400000000004
GRB200608A,20.648,142.2,976692,121.55199999999999
GRB200529A,1.096,81.012,974942,79.916
GRB200528A,4.74,64.724,974827,59.984
GRB200522A,-0.004,0.612,973628,0.616
GRB200519A,3.248,74.944,973140,71.696
GRB200512A,-0.864,73.136,971846,74.0
GRB200509A,3.364,831.592,970886,828.228
GRB200425A,-41.592,39.408,967774,81.0
GRB200416A,-1.808,4.24,966554,6.048
GRB200411A,-0.004,0.216,965784,0.22
GRB200410A,-62.768,45.952,965638,108.72
GRB200409A,-0.512,15.488,965484,16.0
GRB200306C,-8.816,44.336,960102,53.152
GRB200306A,3.32,36.284,959917,32.964
GRB200303A,-30.344,63.876,959431,94.22
GRB200228B,-0.58,6.788,958733,7.368
GRB200227A,2.336,32.664,958592,30.328000000000003
GRB200224A,-0.792,44.208,958141,45.0
GRB200219A,-15.6,272.4,957271,288.0
GRB200216B,0.488,67.936,956824,67.44800000000001
GRB200215A,-7.336,3.812,956639,11.148
GRB200205B,54.032,507.944,954519,453.91200000000003
GRB200131A,-1.964,30.776,953689,32.74
GRB200127A,-138.744,78.28,952791,217.024
GRB200125A,-15.472,334.864,952164,350.33599999999996
GRB200122A,1.884,192.48,950330,190.596
GRB200115A,-54.352,187.788,949361,242.14000000000001
GRB200109A,-31.448,80.552,948361,112.0
GRB200107B,-21.84,64.836,948219,86.676
GRB191228A,-31.964,161.852,946476,193.816
GRB191227A,-13.968,41.92,946344,55.888000000000005
GRB191221B,-15.28,32.72,945521,48.0
GRB191220A,-0.384,175.2,945344,175.58399999999997
GRB191218A,0.544,45.208,944916,44.664
GRB191213A,-19.024,99.968,944091,118.992
GRB191130A,2.08,19.64,03110538005,17.560000000000002
GRB191123A,-1.032,283.78,939079,284.81199999999995
GRB191122A,-6.52,119.216,938899,125.73599999999999
GRB191106A,-1.252,2.184,933515,3.436
GRB191101A,-16.48,126.228,932742,142.708
GRB191031D,-0.02,0.268,932608,0.28800000000000003
GRB191031C,-33.24,45.26,932595,78.5
GRB191031A,-4.248,7.884,932435,12.132000000000001
GRB191029A,-3.0,38.0,932058,41.0
GRB191024A,-0.584,6.5,931242,7.084
GRB191019A,1.34,65.688,930285,64.348
GRB191017B,-0.92,3.408,929981,4.328
GRB191016A,-28.976,97.704,929744,126.67999999999999
GRB191011A,0.016,7.368,928924,7.352
GRB191004B,0.864,300.992,927839,300.12800000000004
GRB191004A,-0.012,2.432,927825,2.444
GRB191001B,8.328,115.464,927345,107.136
GRB190926A,11.208,373.548,926515,362.34
GRB190829A,-50.552,6.344,922968,56.896
GRB190828B,-28.024,687.832,922808,715.856
GRB190824A,-62.976,106.384,922107,169.36
GRB190821A,-1.072,56.024,921722,57.096000000000004
GRB190816A,-118.448,257.312,920783,375.76
GRB190727B,-17.764,21.432,916733,39.196
GRB190719C,0.62,186.448,915381,185.828
GRB190718A,0.568,704.568,915091,704.0
GRB190706B,0.328,43.912,913302,43.583999999999996
GRB190701A,35.912,88.344,912310,52.431999999999995
GRB190630C,-0.588,37.796,912239,38.384
GRB190630B,-1.304,4.264,912102,5.5680000000000005
GRB190627A,0.12,2.812,911609,2.6919999999999997
GRB190613B,-2.232,158.588,908329,160.82
GRB190613A,1.744,19.376,908288,17.632
GRB190611A,-0.02,41.74,907950,41.760000000000005
GRB190610A,0.248,0.88,907754,0.632
GRB190604B,-4.708,215.468,906654,220.176
GRB190519A,-41.672,2.808,904394,44.48
GRB190515B,-20.136,26.376,903845,46.512
GRB190512A,-8.188,31.884,903357,40.072
GRB190511A,-21.792,5.872,903158,27.664
GRB190427A,-0.008,0.184,900730,0.192
GRB190424A,-0.804,9.032,900285,9.836
GRB190422A,18.252,287.268,899979,269.01599999999996
GRB190331A,-0.004,4.332,895813,4.335999999999999
GRB190326A,0.0,0.076,895006,0.076
GRB190324A,17.272,40.056,894718,22.784
GRB190320A,-23.2,39.8,893808,63.0
GRB190311A,-1.16,12.792,892607,13.952
GRB190220A,-0.12,9.88,889785,10.0
GRB190219A,-89.332,78.408,889748,167.74
GRB190211A,-9.44,1.456,888648,10.895999999999999
GRB190204A,-2.588,23.736,887579,26.324
GRB190203A,-48.6,37.96,887512,86.56
GRB190202A,-2.136,13.864,887217,16.0
GRB190123A,-0.34,24.784,885314,25.124
GRB190114C,0.26,374.984,883832,374.724
GRB190114B,0.168,26.66,883818,26.492
GRB190114A,128.068,195.164,883600,67.09599999999998
GRB190110A,0.152,9.456,883012,9.304
GRB190109B,-3.56,2.952,882809,6.5120000000000005
GRB190109A,12.256,127.264,882747,115.008
GRB190106A,1.856,79.952,882252,78.096
GRB190103B,-4.88,14.64,881709,19.52
GRB181228A,-0.96,254.192,879909,255.15200000000002
GRB181224A,-9.508,2.98,878911,12.488
GRB181213A,0.136,15.432,876016,15.296000000000001
GRB181203A,-0.812,14.248,874475,15.059999999999999
GRB181202A,0.02,6.58,874334,6.5600000000000005
GRB181126A,0.016,2.108,873539,2.092
GRB181125A,0.072,10.584,873433,10.512
GRB181123B,0.04,0.3,873186,0.26
GRB181110A,-39.268,99.156,871316,138.424
GRB181103A,-0.728,8.44,870201,9.168
GRB181030A,18.244,321.44,869494,303.196
GRB181027A,-7.956,73.348,868984,81.304
GRB181023A,-21.412,35.572,868427,56.984
GRB181022A,-1.156,6.78,868312,7.936
GRB181020A,0.796,238.812,867987,238.01600000000002
GRB181016A,-12.952,98.392,867252,111.344
GRB181013A,18.976,123.184,866783,104.208
GRB181010A,-2.376,13.188,866434,15.564
GRB181003A,-8.6,16.892,865179,25.491999999999997
GRB181002A,-22.872,40.536,865036,63.408
GRB180930A,-2.98,3.824,864584,6.804
GRB180925A,-3.48,79.152,863421,82.632
GRB180924A,-76.408,18.408,863186,94.816
GRB180905A,-47.26,118.084,859421,165.344
GRB180904A,1.332,5.964,859282,4.632000000000001
GRB180828A,-7.288,5.712,856977,13.0
GRB180823A,-29.268,51.028,855434,80.29599999999999
GRB180821A,1.0,65.0,854578,64.0
GRB180818B,-89.712,47.748,853882,137.46
GRB180818A,-1.6,12.112,853824,13.712
GRB180812A,-0.088,16.44,852903,16.528000000000002
GRB180809B,3.628,236.872,852553,233.24400000000003
GRB180805B,0.116,122.356,851855,122.24
GRB180805A,0.116,1.792,851829,1.676
GRB180728A,11.672,20.356,850471,8.684000000000001
GRB180727A,0.024,1.08,850231,1.056
GRB180721A,0.084,47.684,849018,47.599999999999994
GRB180720C,-112.22,10.768,848932,122.988
GRB180720B,0.22,108.62,848890,108.4
GRB180718A,0.008,0.092,848489,0.08399999999999999
GRB180715A,-0.112,0.572,848048,0.6839999999999999
GRB180709A,2.748,197.556,846868,194.80800000000002
GRB180706A,-2.112,40.332,846395,42.444
GRB180705A,3.852,110.636,846299,106.78399999999999
GRB180704A,-17.136,2.52,846088,19.656
GRB180630A,1.476,20.436,845443,18.96
GRB180626A,-6.68,23.424,844615,30.104
GRB180624A,-43.332,423.32,844192,466.652
GRB180623A,-37.172,77.708,844015,114.88
GRB180620B,-118.84,105.128,843211,223.96800000000002
GRB180620A,-0.616,22.332,843122,22.948
GRB180618A,0.008,47.432,842475,47.424
GRB180614A,-3.956,3.136,841548,7.0920000000000005
GRB180613A,27.944,78.76,840853,50.816
GRB180602A,-32.4,20.804,835200,53.20399999999999
GRB180514A,-6.544,24.616,832368,31.16
GRB180512A,30.0,54.0,832119,24.0
GRB180510B,-13.168,120.848,831816,134.016
GRB180510A,-15.232,48.768,831810,64.0
GRB180504A,-27.912,87.352,830822,115.26400000000001
GRB180425A,-0.136,11.768,828672,11.904
GRB180418A,0.28,4.688,826428,4.4079999999999995
GRB180411A,-1.224,76.752,824451,77.976
GRB180410A,25.688,140.488,824063,114.8
GRB180407A,-16.164,84.464,823001,100.628
GRB180404B,-0.244,111.464,821902,111.708
GRB180404A,-17.136,19.144,821881,36.28
GRB180402A,0.068,0.248,821103,0.18
GRB180331B,-20.168,57.864,820513,78.032
GRB180331A,0.584,48.584,820347,48.0
GRB180329B,-5.592,207.944,819490,213.536
GRB180329A,-0.504,35.496,819301,36.0
GRB180325A,1.752,94.58,817564,92.828
GRB180324A,-4.772,2.444,817345,7.216
GRB180316A,-61.728,25.272,814677,87.0
GRB180314B,-44.928,10.496,814305,55.424
GRB180314A,-9.784,40.68,814129,50.464
GRB180311A,0.72,23.76,813721,23.040000000000003
GRB180224A,0.144,11.064,811561,10.92
GRB180222A,0.424,42.728,811235,42.304
GRB180221A,1.656,12.656,811074,11.0
GRB180205A,-6.316,9.22,808625,15.536000000000001
GRB180204A,-0.028,1.136,808483,1.164
GRB180115A,27.736,66.88,805318,39.14399999999999
GRB180113A,-12.976,51.024,804999,64.0
GRB180111A,1.784,52.676,804692,50.892
GRB180103A,11.2,161.6,803066,150.4
GRB180102A,-6.14,5.42,802999,11.559999999999999
GRB171222A,12.848,186.72,799669,173.87199999999999
GRB171216A,0.512,30.592,797441,30.08
GRB171212A,-28.824,275.176,796778,304.0
GRB171211A,0.08,2.256,796469,2.1759999999999997
GRB171209A,-5.204,156.444,796100,161.648
GRB171205A,-26.196,164.276,794972,190.472
GRB171123A,-0.48,57.984,791922,58.464
GRB171120A,-15.528,48.472,791201,64.0
GRB171115A,-6.3,30.472,790053,36.772
GRB171103A,-0.324,3.944,785850,4.268
GRB171102B,-4.84,14.04,785510,18.88
GRB171027A,7.672,104.444,783479,96.772
GRB171020A,0.248,42.104,780845,41.856
GRB171011A,0.06,2.34,778154,2.28
GRB171010B,0.0,30.4,778019,30.4
GRB171007A,0.48,68.904,777215,68.42399999999999
GRB171004A,15.344,120.884,776347,105.54
GRB171001A,12.784,33.7,775553,20.916000000000004
GRB170921A,-18.296,10.504,773509,28.799999999999997
GRB170912B,0.004,17.888,772052,17.884
GRB170912A,-0.12,21.064,772006,21.184
GRB170906C,-25.784,19.292,770981,45.076
GRB170906B,-11.776,7.424,770958,19.2
GRB170906A,8.008,96.12,770957,88.11200000000001
GRB170903A,-5.268,22.456,770528,27.724
GRB170827A,24.12,122.744,769567,98.624
GRB170823A,1.7,71.108,769177,69.408
GRB170822A,-15.624,48.376,768939,64.0
GRB170813A,-7.428,65.116,767563,72.544
GRB170810A,-17.776,134.644,767284,152.42000000000002
GRB170807A,0.164,36.488,766821,36.324
GRB170804A,3.856,60.336,766194,56.48
GRB170803A,-0.188,3.632,766081,3.8200000000000003
GRB170728B,0.056,47.736,765130,47.68
GRB170728A,0.236,1.484,765008,1.248
GRB170724A,-39.768,59.212,764204,98.98
GRB170714A,-32.904,426.312,762535,459.216
GRB170711A,-22.16,9.052,761622,31.212
GRB170710B,1.6,56.0,00086619001,54.4
GRB170710A,0.568,33.688,761119,33.120000000000005
GRB170705A,4.372,227.576,760064,223.204
GRB170629A,0.24,34.668,759159,34.428
GRB170626A,-1.236,11.712,758766,12.948
GRB170607A,-191.896,128.104,756284,320.0
GRB170604A,-10.296,16.232,755867,26.528
GRB170531B,4.288,174.584,755354,170.296
GRB170531A,-9.948,22.356,755343,32.304
GRB170526A,0.164,8.476,754549,8.312000000000001
GRB170524B,0.0,46.4,00753445006,46.4
GRB170524A,0.004,0.108,754322,0.104
GRB170519A,-24.028,196.224,753445,220.25199999999998
GRB170516A,-12.912,23.856,753110,36.768
GRB170428A,0.164,0.364,750298,0.19999999999999998
GRB170419B,1.0,66.856,748947,65.856
GRB170419A,-0.072,7.704,748898,7.776
GRB170405A,-16.816,148.496,745797,165.312
GRB170331A,-1.728,15.888,744791,17.616
GRB170330A,-141.168,3.3,744773,144.46800000000002
GRB170325A,0.016,0.348,00034941009,0.33199999999999996
GRB170318B,-0.464,0.608,743086,1.072
GRB170318A,-5.356,111.56,743065,116.916
GRB170317A,0.432,12.384,742866,11.952
GRB170311A,-3.696,5.304,741965,9.0
GRB170307A,56.16,86.08,741528,29.92
GRB170306A,-3.332,17.676,741220,21.008
GRB170208B,-5.472,122.664,737463,128.136
GRB170208A,0.088,7.536,737438,7.4479999999999995
GRB170206B,-0.008,13.352,737125,13.36
GRB170205A,-0.116,26.012,736843,26.128
GRB170203A,0.748,46.652,736432,45.904
GRB170202A,1.58,39.34,736407,37.760000000000005
GRB170127B,0.048,0.56,735331,0.512
GRB170127A,-4.892,62.484,735326,67.376
GRB170126A,-0.184,9.352,735188,9.536
GRB170115A,3.96,36.004,733103,32.044
GRB170113A,0.26,20.556,732526,20.296
GRB170112A,-0.004,0.052,732188,0.055999999999999994
GRB170111A,-12.264,17.612,731887,29.875999999999998
GRB170101A,-0.272,2.832,729293,3.104
GRB161224A,15.672,63.048,728268,47.376000000000005
GRB161220A,-3.052,4.168,727610,7.220000000000001
GRB161219B,0.048,6.98,727541,6.932
GRB161218A,-0.328,6.872,727288,7.2
GRB161217A,35.9,47.936,727167,12.036000000000001
GRB161214B,0.404,25.3,726885,24.896
GRB161202A,-62.156,56.34,725036,118.49600000000001
GRB161129A,6.18,41.724,724438,35.544
GRB161117B,-0.908,151.404,722642,152.31199999999998
GRB161117A,1.584,127.284,722604,125.7
GRB161113A,0.66,44.124,722063,43.464000000000006
GRB161108A,-0.496,115.34,721234,115.836
GRB161105A,-57.556,120.14,720697,177.696
GRB161104A,-0.012,0.088,720568,0.09999999999999999
GRB161022A,0.792,8.04,718655,7.247999999999999
GRB161017A,-0.808,216.24,718023,217.048
GRB161014A,-11.712,11.288,717500,23.0
GRB161011A,-0.12,4.156,716876,4.276
GRB161007A,25.86,183.552,716127,157.692
GRB161004B,-2.636,13.084,715246,15.719999999999999
GRB161004A,-0.064,1.256,715084,1.32
GRB161001A,-0.108,2.492,714404,2.6
GRB160927A,0.04,0.528,713782,0.48800000000000004
GRB160917A,0.092,14.612,712505,14.52
GRB160912A,-20.448,186.86,711914,207.30800000000002
GRB160905A,-15.2,48.8,711084,64.0
GRB160827A,-4.04,10.008,710050,14.047999999999998
GRB160826A,4.78,57.396,709907,52.616
GRB160824A,1.344,100.676,709765,99.33200000000001
GRB160821B,0.008,0.488,709357,0.48
GRB160821A,1.56,114.196,709351,112.636
GRB160819A,3.2,70.4,00086022006,67.2
GRB160815A,-4.26,4.308,708598,8.568
GRB160804A,38.204,190.948,707231,152.744
GRB160801A,-1.168,1.684,706871,2.852
GRB160726A,0.016,0.744,706052,0.728
GRB160716A,-0.016,6.376,704572,6.392
GRB160714A,0.036,0.384,704310,0.34800000000000003
GRB160712A,-3.304,41.224,704155,44.528
GRB160709A,0.0,4.8,703769,4.8
GRB160705B,-5.052,49.528,703176,54.58
GRB160703A,-8.372,36.636,702699,45.008
GRB160630A,-0.408,29.144,702252,29.552
GRB160625A,-9.332,44.588,701503,53.92
GRB160624A,0.048,0.24,701288,0.192
GRB160612A,0.032,0.28,00031791037,0.24800000000000003
GRB160611A,-25.268,9.856,690598,35.124
GRB160607A,-1.136,32.356,689597,33.492000000000004
GRB160601A,-0.012,0.108,688452,0.12
GRB160525B,0.028,0.32,687522,0.292
GRB160519A,-0.48,35.136,686818,35.616
GRB160506A,-2.552,257.976,685245,260.528
GRB160504A,-40.096,13.864,685124,53.959999999999994
GRB160425A,0.2,304.796,684098,304.596
GRB160424A,-0.88,5.584,683906,6.4639999999999995
GRB160419A,-3.02,6.396,683383,9.416
GRB160417A,-1.184,13.368,683076,14.552
GRB160412A,-1.384,30.796,682522,32.18
GRB160411A,0.088,0.444,682339,0.356
GRB160410A,-15.16,80.84,682269,96.0
GRB160409A,1.6,49.6,682162,48.0
GRB160408A,0.036,0.356,682059,0.32
GRB160327A,-3.312,30.432,680655,33.744
GRB160325A,-40.924,20.8,680436,61.724000000000004
GRB160321A,-18.136,15.34,680017,33.476
GRB160314A,0.256,8.988,679120,8.732
GRB160313A,-1.452,40.084,678929,41.536
GRB160303A,-0.012,4.964,677495,4.976
GRB160228A,2.076,100.984,676595,98.908
GRB160227A,-92.808,223.54,676423,316.348
GRB160225A,-23.832,133.624,675998,157.456
GRB160223A,0.06,134.924,675361,134.864
GRB160220B,-3.628,27.488,674734,31.116
GRB160220A,0.476,8.736,674670,8.260000000000002
GRB160216A,-0.296,10.704,673978,11.0
GRB160203A,6.68,24.12,672525,17.44
GRB160131A,12.808,340.56,672236,327.752
GRB160127A,-0.708,5.448,671828,6.156000000000001
GRB160123A,-1.276,2.676,671447,3.952
GRB160121A,0.524,11.024,671231,10.5
GRB160119A,54.124,174.264,671014,120.14000000000001
GRB160117B,0.368,11.904,670800,11.536
GRB160117A,-33.0,104.0,670793,137.0
GRB160104A,-0.936,15.628,669319,16.564
GRB151229A,-0.052,1.388,668689,1.44
GRB151228B,-15.56,32.44,668641,48.0
GRB151228A,-0.028,0.248,668543,0.276
GRB151215A,-15.08,2.768,667392,17.848
GRB151210A,-38.72,48.24,666931,86.96000000000001
GRB151205B,-0.196,1.24,666378,1.436
GRB151205A,-11.448,52.552,666352,64.0
GRB151127A,0.024,0.212,665268,0.188
GRB151122A,1.6,38.4,664653,36.8
GRB151118A,0.32,23.888,664078,23.568
GRB151114A,-3.768,1.088,663490,4.856
GRB151112A,0.336,59.2,663179,58.864000000000004
GRB151111A,-2.188,73.856,663074,76.044
GRB151031A,0.304,5.304,662330,5.0
GRB151029A,-0.772,8.18,662086,8.952
GRB151027B,1.0,81.0,661869,80.0
GRB151027A,0.652,130.232,661775,129.58
GRB151023A,-0.528,10.232,661253,10.76
GRB151022A,2.608,120.288,661036,117.67999999999999
GRB151021A,-15.204,94.852,660671,110.05600000000001
GRB151006A,-1.664,209.392,657750,211.05599999999998
GRB151004A,-9.36,127.912,657564,137.272
GRB151001B,-27.336,104.184,657321,131.51999999999998
GRB151001A,-5.44,4.388,657286,9.828
GRB150925A,10.348,132.48,656604,122.13199999999999
GRB150915A,-63.0,97.0,655721,160.0
GRB150911A,0.368,7.504,655262,7.135999999999999
GRB150910A,1.8,114.072,655097,112.272
GRB150907B,-0.644,61.376,654803,62.019999999999996
GRB150901A,-61.752,2.248,654042,64.0
GRB150831B,-0.312,5.864,653978,6.176
GRB150831A,0.02,0.94,653838,0.9199999999999999
GRB150821A,27.512,196.456,652847,168.944
GRB150819A,17.144,68.808,652643,51.66400000000001
GRB150818A,-9.324,133.732,652603,143.056
GRB150817A,-5.82,32.176,652334,37.996
GRB150811A,4.632,36.152,651882,31.520000000000003
GRB150801B,0.244,408.952,650977,408.70799999999997
GRB150728A,0.304,1.136,650617,0.8319999999999999
GRB150727A,-4.52,83.436,650530,87.956
GRB150724A,1.236,281.244,650141,280.00800000000004
GRB150722A,-24.072,43.24,649916,67.312
GRB150720A,-122.344,116.192,649706,238.536
GRB150716A,-2.332,40.236,649157,42.568
GRB150711A,-27.96,42.996,648601,70.956
GRB150710A,0.016,0.168,648437,0.15200000000000002
GRB150626B,-15.56,32.44,646786,48.0
GRB150626A,-4.976,92.288,646603,97.264
GRB150616A,-30.472,577.936,644259,608.408
GRB150615A,-1.956,30.728,643833,32.684000000000005
GRB150607A,0.2,26.188,642620,25.988
GRB150530B,0.0,3.0,00084922008,3.0
GRB150530A,-3.952,2.944,642018,6.896
GRB150527A,-106.816,1.984,641698,108.8
GRB150513A,-42.524,119.04,640584,161.56400000000002
GRB150430A,-8.024,98.856,639433,106.88
GRB150428B,-34.468,96.48,639278,130.948
GRB150428A,-20.456,32.744,639275,53.2
GRB150423A,0.012,0.228,638808,0.216
GRB150413A,-55.36,188.236,637899,243.596
GRB150403A,-7.66,29.636,637044,37.296
GRB150402A,0.0,14.4,00636865000,14.4
GRB150323C,-21.08,138.584,636005,159.664
GRB150323B,3.2,62.4,635929,59.199999999999996
GRB150323A,3.396,153.124,635887,149.728
GRB150318A,3.036,90.48,635289,87.444
GRB150317A,-0.036,23.248,635148,23.284000000000002
GRB150314A,-1.22,13.56,634795,14.780000000000001
GRB150309A,-191.824,50.216,634200,242.04000000000002
GRB150302A,-0.312,23.56,633237,23.872
GRB150301B,0.152,17.288,633180,17.136
GRB150301A,0.0,0.484,632995,0.484
GRB150222A,1.504,17.34,632180,15.836
GRB150213B,9.0,218.0,631051,209.0
GRB150212A,0.248,15.736,630876,15.488000000000001
GRB150211A,-6.696,6.912,630714,13.608
GRB150206A,37.404,112.404,630019,75.0
GRB150204A,1.0,15.0,00084702002,14.0
GRB150203A,0.396,24.832,629578,24.436
GRB150202A,-0.768,24.704,629547,25.472
GRB150201A,-2.772,23.82,629302,26.592
GRB150120B,-15.732,8.604,627170,24.336
GRB150120A,-0.312,0.884,627137,1.196
GRB150110B,-7.252,3.328,624606,10.58
GRB150103A,10.6,59.688,623368,49.088
GRB150101B,0.0,0.012,00091964035,0.012
GRB150101A,0.004,0.064,623158,0.06
GRB141229A,0.0,6.4,00085478004,6.4
GRB141225A,6.668,92.816,622476,86.148
GRB141221A,-21.152,15.664,622006,36.816
GRB141220A,-0.424,6.808,621915,7.232
GRB141212B,0.76,11.268,621234,10.508000000000001
GRB141212A,0.0,0.288,621229,0.288
GRB141205A,0.128,1.792,620534,1.6640000000000001
GRB141130A,-38.936,23.92,620090,62.856
GRB141121A,163.78,644.784,619182,481.004
GRB141109B,-179.432,41.072,618032,220.504
GRB141109A,16.92,217.108,618024,200.188
GRB141102A,0.0,14.4,617316,14.4
GRB141031B,1.728,17.352,617149,15.624
GRB141031A,-18.424,445.576,617110,464.0
GRB141026A,21.74,161.216,616502,139.476
GRB141022A,-0.06,8.656,616061,8.716000000000001
GRB141020A,-5.788,9.108,615873,14.896
GRB141017A,0.776,56.584,615672,55.808
GRB141015A,0.0,11.0,615399,11.0
GRB141005A,0.416,3.888,614415,3.472
GRB141004A,-0.344,3.58,614390,3.924
GRB140930B,-0.064,0.78,614094,0.8440000000000001
GRB140927A,2.176,8.432,613775,6.256
GRB140919A,3.064,155.368,613160,152.304
GRB140916A,1.24,70.216,612804,68.976
GRB140907A,-63.344,16.656,611933,80.0
GRB140903A,0.004,0.3,611599,0.296
GRB140901B,0.0,6.4,611389,6.4
GRB140828A,-4.54,14.608,610953,19.148
GRB140824A,0.372,3.456,610501,3.084
GRB140818B,-2.872,28.68,609885,31.552
GRB140817A,-4.396,253.948,609736,258.344
GRB140730A,-13.4,27.496,607742,40.896
GRB140719B,-12.968,41.032,605700,54.0
GRB140719A,-31.488,16.512,605612,48.0
GRB140716A-2,4.8,129.6,604793,124.8
GRB140716A-1,4.8,129.6,604792,124.8
GRB140713A,0.036,6.052,604232,6.016
GRB140710A,-0.288,2.712,603954,3.0
GRB140709B,-6.232,150.5,603866,156.732
GRB140709A,-32.492,72.7,603810,105.19200000000001
GRB140706A,-14.392,33.452,603587,47.843999999999994
GRB140703A,-0.068,68.576,603243,68.64399999999999
GRB140629A,-3.624,34.648,602884,38.272000000000006
GRB140628A,-0.364,10.176,602803,10.540000000000001
GRB140626A,-7.872,8.288,602604,16.16
GRB140622A,-0.012,0.12,602278,0.132
GRB140619A,79.112,312.16,602080,233.04800000000003
GRB140614B,-1.168,48.704,601662,49.872
GRB140614A,10.416,87.808,601646,77.39200000000001
GRB140611A,0.0,3.2,601292,3.2
GRB140610A,-1.636,91.616,601259,93.252
GRB140607A,-14.088,80.68,601051,94.768
GRB140606A,-0.02,0.32,600951,0.34
GRB140529A,0.32,8.464,00091901003,8.144
GRB140521A,0.48,10.356,599546,9.876
GRB140518A,-2.648,57.876,599287,60.524
GRB140516A,-0.024,0.232,599188,0.256
GRB140515A,-20.612,2.804,599037,23.415999999999997
GRB140512A,-6.16,147.952,598819,154.112
GRB140509A,-2.832,20.384,598497,23.216
GRB140506A,0.1,111.204,598284,111.104
GRB140502A,-0.952,14.168,597841,15.12
GRB140430A,0.436,174.024,597722,173.588
GRB140428A,-13.28,4.144,597519,17.424
GRB140423A,-50.832,83.312,596901,134.144
GRB140419A,-2.444,77.632,596426,80.07600000000001
GRB140414A,0.016,0.512,00084568002,0.496
GRB140413A,-29.192,103.784,595616,132.976
GRB140412A,-31.632,16.368,595608,48.0
GRB140408A,-0.54,3.088,595141,3.628
GRB140402A,0.032,0.928,594308,0.896
GRB140331A,91.168,300.824,594081,209.656
GRB140323A,-4.152,102.336,592916,106.488
GRB140320A,-0.176,0.336,592544,0.512
GRB140318A,3.528,11.132,592204,7.603999999999999
GRB140311A,-2.2,68.28,591390,70.48
GRB140305A,-0.24,20.064,590446,20.304
GRB140304A,-2.192,12.592,590206,14.784
GRB140302A,0.64,99.364,589685,98.724
GRB140301A,-7.704,20.1,589590,27.804000000000002
GRB140215A,-0.304,25.328,586680,25.631999999999998
GRB140213A,-4.48,55.452,586569,59.932
GRB140211A,-14.276,95.256,586289,109.532
GRB140209A,1.704,22.136,586071,20.432
GRB140206A,1.88,96.068,585834,94.188
GRB140129B,0.172,1.532,585149,1.36
GRB140129A,0.992,3.992,585128,3.0
GRB140118A,-61.016,23.076,584136,84.092
GRB140114A,43.608,183.556,583861,139.948
GRB140108A,-1.516,93.716,583338,95.232
GRB140103A,-11.56,5.784,582773,17.344
GRB140102A,0.456,55.536,582760,55.08
GRB131229A,0.384,48.384,582374,48.0
GRB131227A,-0.34,17.648,582184,17.988
GRB131226A,0.38,7.608,582123,7.228
GRB131224B,0.308,8.656,00032923023,8.348
GRB131205A,-0.06,20.284,580267,20.343999999999998
GRB131202A,-0.416,29.78,579982,30.196
GRB131128A,-0.904,2.096,579683,3.0
GRB131127A,-57.408,37.564,579571,94.97200000000001
GRB131120A,-68.408,62.024,578227,130.43200000000002
GRB131117A,0.04,10.92,577968,10.88
GRB131110A,3.2,80.0,00020326002,76.8
GRB131105A,11.192,123.4,576738,112.208
GRB131103A,-7.404,7.804,576562,15.208
GRB131031A,0.0,6.4,576277,6.4
GRB131030A,-2.252,37.172,576238,39.424
GRB131024B,-4.776,92.04,575754,96.816
GRB131024A,-111.0,1.0,575707,112.0
GRB131018A,24.808,98.024,574935,73.21600000000001
GRB131004A,-0.184,1.352,573190,1.536
GRB131002B,-4.616,47.384,572742,52.0
GRB131002A,0.116,56.644,572721,56.528
GRB131001A,0.0,5.0,00082217006,5.0
GRB130929A,-1.48,10.76,572308,12.24
GRB130925A,-48.892,111.404,571830,160.296
GRB130919A,-7.176,92.508,571271,99.684
GRB130913A,1.6,43.2,570531,41.6
GRB130912A,0.016,0.3,570465,0.284
GRB130907A,-40.244,324.124,569992,364.36800000000005
GRB130831B,-11.336,26.248,568855,37.584
GRB130831A,0.612,30.804,568849,30.192
GRB130829A,32.9,84.784,568417,51.88400000000001
GRB130822A,-0.004,0.04,567163,0.044
GRB130816B,-3.164,5.512,566561,8.676
GRB130816A,-27.772,2.204,566545,29.976
GRB130812A,-0.028,7.6,566228,7.627999999999999
GRB130807A,-2.52,290.52,565651,293.03999999999996
GRB130806A,-4.248,1.532,565562,5.78
GRB130803A,0.68,44.252,565263,43.572
GRB130727A,0.916,14.48,564342,13.564
GRB130725B,0.048,4.824,564028,4.776
GRB130725A,-4.424,97.096,563980,101.52000000000001
GRB130722A,7.036,105.404,563213,98.368
GRB130719A,7.292,154.26,562625,146.968
GRB130716A,0.116,87.788,561974,87.672
GRB130708A,0.0,11.2,560515,11.2
GRB130701A,-0.396,3.984,559482,4.38
GRB130627B,-15.376,32.624,559139,48.0
GRB130627A,-8.168,9.88,559132,18.048000000000002
GRB130626A,0.0,0.16,559075,0.16
GRB130625A,-23.596,17.676,558982,41.272
GRB130623A,0.56,18.176,00032867001,17.616
GRB130615A,32.74,365.296,558271,332.556
GRB130612A,-0.832,3.168,557976,4.0
GRB130610A,-3.964,43.76,557845,47.724
GRB130609B,0.192,211.364,557828,211.172
GRB130609A,-0.568,6.488,557782,7.056
GRB130608A,-132.156,19.696,557771,151.852
GRB130606A,0.496,277.152,557589,276.656
GRB130605A,-1.24,8.936,557508,10.176
GRB130604A,1.44,77.724,557354,76.284
GRB130603B,0.012,0.188,557310,0.176
GRB130603A,-8.928,60.2,557274,69.128
GRB130529A,42.408,130.0,556930,87.592
GRB130528A,-9.528,630.472,556870,640.0
GRB130527A,-11.8,52.2,556753,64.0
GRB130521A,-0.328,10.628,556344,10.956
GRB130518B,0.0,8.0,556105,8.0
GRB130518A,4.8,86.4,556113,81.60000000000001
GRB130515A,-0.016,0.28,555880,0.29600000000000004
GRB130514A,0.82,215.012,555821,214.192
GRB130511A,-0.012,2.728,555600,2.74
GRB130508A,11.352,54.264,555413,42.912000000000006
GRB130505A,-1.144,88.2,555163,89.34400000000001
GRB130504A,-28.312,91.72,555096,120.032
GRB130502A,-0.1,7.468,554996,7.568
GRB130427B,-0.056,25.848,554635,25.904
GRB130427A,-47.012,197.32,554620,244.332
GRB130420B,-2.248,10.388,553996,12.636
GRB130420A,37.312,158.448,553977,121.13600000000001
GRB130419A,35.852,121.436,553918,85.584
GRB130418A,-36.42,238.504,553847,274.924
GRB130408A,0.448,4.688,553132,4.239999999999999
GRB130327A,-1.892,4.48,552063,6.372
GRB130315A,7.636,238.144,551126,230.508
GRB130313A,0.02,0.192,550906,0.17200000000000001
GRB130306A,-154.708,117.672,550457,272.38
GRB130305A,1.6,54.4,550329,52.8
GRB130216B,0.0,17.6,548918,17.6
GRB130216A,-3.268,3.252,548927,6.52
GRB130215A,-3.08,63.144,548760,66.224
GRB130211A,-1.424,29.328,548276,30.752
GRB130206A,-4.784,116.216,547918,121.0
GRB130131B,-0.068,4.232,547420,4.3
GRB130131A,-0.296,51.228,547407,51.524
GRB130122A,1.856,78.4,546731,76.54400000000001
GRB130102A,22.34,155.12,544784,132.78
GRB121229A,-48.92,62.54,544347,111.46000000000001
GRB121226A,-0.304,0.708,544027,1.012
GRB121217A,-11.632,766.46,542441,778.092
GRB121212A,0.052,6.108,541371,6.056
GRB121211A,1.0,183.696,541200,182.696
GRB121209A,-0.02,42.9,540964,42.92
GRB121202A,-1.336,18.2,540255,19.535999999999998
GRB121201A,-23.0,15.0,540178,38.0
GRB121128A,13.092,36.52,539866,23.428000000000004
GRB121125A,0.392,52.644,539563,52.251999999999995
GRB121123A,42.652,368.744,539358,326.09200000000004
GRB121117A,-1.42,21.88,538696,23.299999999999997
GRB121108A,0.944,90.492,537921,89.548
GRB121102A,1.62,56.3,537266,54.68
GRB121031A,-198.368,27.832,537195,226.2
GRB121028A,-0.596,2.28,536897,2.876
GRB121027A,-4.548,75.54,536831,80.08800000000001
GRB121024A,-7.336,60.632,536580,67.968
GRB121017A,-2.304,2.304,536172,4.608
GRB121014A,-15.208,64.792,535960,80.0
GRB121011A,-4.572,92.664,535764,97.236
GRB121001A,-22.788,125.036,535026,147.824
GRB120927A,-14.772,20.284,534815,35.056
GRB120923A,-1.264,24.812,534402,26.076
GRB120922A,-14.424,153.8,534394,168.22400000000002
GRB120918A,-1.852,23.244,534015,25.096
GRB120913B,-31.068,91.52,533613,122.588
GRB120913A,0.452,36.496,533568,36.044000000000004
GRB120911A,-1.128,20.34,533268,21.468
GRB120909A,253.228,473.824,533060,220.596
GRB120907A,0.12,6.2,532871,6.08
GRB120819A,5.664,76.684,531428,71.02
GRB120817B,0.008,0.08,531259,0.07200000000000001
GRB120817A,-1.528,26.68,531267,28.208
GRB120816A,0.568,5.0,531223,4.432
GRB120815A,-0.008,7.224,531003,7.232
GRB120811C,-4.012,20.332,530689,24.344
GRB120811A,-11.576,17.432,530581,29.008
GRB120807A,0.792,20.676,530267,19.883999999999997
GRB120805A,-13.392,34.608,530031,48.0
GRB120804A,-0.08,0.728,529686,0.8079999999999999
GRB120803B,-0.144,38.868,529606,39.012
GRB120803A,1.652,10.54,529582,8.888
GRB120802A,-31.6,18.688,529486,50.288
GRB120729A,-1.392,92.536,529095,93.928
GRB120728A,1.24,22.216,529021,20.976000000000003
GRB120724A,-16.712,61.212,528443,77.924
GRB120722A,-4.12,32.2,528195,36.32
GRB120714B,-14.808,142.504,526642,157.31199999999998
GRB120714A,-0.192,19.808,526593,20.0
GRB120712A,-2.448,12.36,526351,14.808
GRB120711B,-11.064,49.032,526270,60.096
GRB120703A,-31.304,20.4,525671,51.70399999999999
GRB120701A,0.468,14.628,525477,14.16
GRB120630A,-0.012,0.584,525451,0.596
GRB120624B,7.164,186.828,525068,179.66400000000002
GRB120612A,22.824,113.108,524128,90.284
GRB120521C,-0.312,26.756,522656,27.068
GRB120521B,3.392,150.224,522586,146.832
GRB120521A,-0.008,0.504,522578,0.512
GRB120514A,-6.464,157.88,522197,164.344
GRB120422A,1.184,61.536,520658,60.352000000000004
GRB120404A,-4.424,34.3,519380,38.724
GRB120403B,-2.6,4.684,519256,7.284000000000001
GRB120403A,0.044,1.44,519211,1.396
GRB120401A,-87.16,43.112,519043,130.272
GRB120328A,-15.9,14.028,518792,29.928
GRB120327A,-6.992,56.54,518731,63.532
GRB120326A,-55.232,14.248,518626,69.48
GRB120324A,-42.168,76.256,518507,118.424
GRB120320A,0.848,25.824,518200,24.976000000000003
GRB120312A,0.016,14.172,517566,14.156
GRB120311B,-9.872,19.816,517489,29.688
GRB120311A,-0.952,2.528,517469,3.48
GRB120308A,-19.464,41.792,517234,61.256
GRB120305A,0.004,0.104,516997,0.09999999999999999
GRB120302A,1.6,51.2,516694,49.6
GRB120229A,0.016,0.252,516571,0.236
GRB120224A,-1.416,5.584,515976,7.0
GRB120219A,-8.736,83.792,515375,92.528
GRB120218A,-24.328,7.048,515277,31.375999999999998
GRB120215A,0.364,8.288,515015,7.924
GRB120213A,-3.432,37.596,514767,41.028
GRB120212A,-0.624,4.376,514709,5.0
GRB120211A,-0.376,63.944,514586,64.32000000000001
GRB120121A,-9.628,17.172,512164,26.8
GRB120119A,-1.016,66.984,512035,68.0
GRB120118B,1.192,21.496,512003,20.304
GRB120116A,-17.944,20.1,511866,38.044
GRB120114A,1.6,49.6,511739,48.0
GRB120106A,-5.344,58.156,511235,63.5
GRB120102A,6.528,45.236,510922,38.708
GRB111229A,-0.46,24.912,510736,25.372
GRB111228A,0.86,102.104,510649,101.244
GRB111225A,-7.216,98.512,510341,105.728
GRB111215A,7.604,381.424,509717,373.82
GRB111212A,-1.768,54.536,509543,56.304
GRB111210A,-2.224,0.292,509419,2.516
GRB111209A,23.144,834.112,509337,810.968
GRB111208A,8.0,176.0,509285,168.0
GRB111207A,0.0,16.0,509245,16.0
GRB111204A,33.0,81.0,509018,48.0
GRB111201A,0.0,20.8,508800,20.8
GRB111129A,-6.064,2.412,508712,8.475999999999999
GRB111126A,0.008,0.68,00048079001,0.672
GRB111123A,3.296,293.296,508319,290.0
GRB111121A,-0.024,113.308,508161,113.33200000000001
GRB111117A,0.036,0.5,507901,0.464
GRB111109A,-5.6,7.4,507342,13.0
GRB111107A,0.768,31.84,507185,31.072
GRB111103B,0.096,144.872,506903,144.776
GRB111103A,-0.016,11.6,506902,11.616
GRB111029A,21.196,28.392,506519,7.195999999999998
GRB111026A,0.012,3.592,506291,3.58
GRB111022B,-29.444,53.584,506074,83.028
GRB111022A,-14.22,8.6,506070,22.82
GRB111020A,-0.008,0.376,505926,0.384
GRB111018A,-0.584,32.124,505801,32.708000000000006
GRB111016A,46.508,595.504,505646,548.996
GRB111008A,-1.04,61.808,505054,62.848
GRB111005A,-5.724,17.488,504779,23.212
GRB110928A,1.772,22.652,504215,20.880000000000003
GRB110921A,-20.264,12.284,503652,32.548
GRB110915A,0.912,80.48,503219,79.568
GRB110827A,-2.524,5.992,501520,8.516
GRB110820A,-1.592,263.024,501095,264.616
GRB110818A,-4.224,98.616,500914,102.84
GRB110808A,0.64,41.344,458918,40.704
GRB110801A,-11.7,373.556,458521,385.256
GRB110731A,-0.224,40.72,458448,40.943999999999996
GRB110726A,-0.58,4.576,458059,5.156
GRB110719A,-1.02,40.208,457553,41.228
GRB110715A,-0.144,12.856,457330,13.0
GRB110709B,0.108,810.58,456967,810.4720000000001
GRB110709A,-0.564,43.764,456939,44.328
GRB110625A,-2.992,39.508,456073,42.5
GRB110610A,-5.14,44.304,455155,49.444
GRB110530A,-40.672,15.056,454473,55.727999999999994
GRB110521A,1.568,97.568,453788,96.0
GRB110520A,-0.192,20.672,453747,20.864
GRB110519A,-2.616,24.568,453628,27.184
GRB110503A,-1.648,57.052,452685,58.7
GRB110422A,-5.604,20.18,451901,25.784
GRB110420B,0.0,0.084,451794,0.084
GRB110420A,1.428,15.296,451757,13.867999999999999
GRB110414A,-34.332,118.784,451343,153.116
GRB110412A,14.6,38.6,451191,24.0
GRB110411A,-7.6,71.8,451165,79.39999999999999
GRB110407A,2.356,157.924,450884,155.568
GRB110402A,2.536,58.744,450545,56.208
GRB110319B,1.08,29.552,00449578001,28.472
GRB110319A,1.996,22.676,449578,20.68
GRB110318B,-1.44,3.348,449549,4.788
GRB110318A,-6.86,9.1,449542,15.96
GRB110315A,-60.636,27.04,449399,87.676
GRB110312A,26.776,61.912,449074,35.135999999999996
GRB110305A,-0.936,11.064,448229,12.0
GRB110223B,-44.836,16.612,446677,61.44799999999999
GRB110223A,0.08,7.08,446674,7.0
GRB110213A,-31.192,16.808,445414,48.0
GRB110212A,-1.344,2.356,445321,3.7
GRB110210A,-101.832,91.056,445141,192.88799999999998
GRB110208A,-1.064,14.92,445038,15.984
GRB110207A,0.336,82.916,444912,82.58
GRB110205A,35.688,285.104,444643,249.416
GRB110201A,-1.692,12.4,444230,14.092
GRB110128A,-1.48,12.672,443861,14.152000000000001
GRB110119A,-6.32,207.608,442978,213.928
GRB110112A,-0.064,0.46,442039,0.524
GRB110107A,4.0,81.0,00090978002,77.0
GRB110106B,-22.4,21.024,441676,43.424
GRB110106A,-0.752,2.248,441664,3.0
GRB110102A,5.052,270.968,441454,265.916
GRB101224A,0.036,0.28,440955,0.24400000000000002
GRB101219B,16.68,58.536,440635,41.856
GRB101219A,0.004,0.832,440606,0.828
GRB101213A,-0.96,130.16,440285,131.12
GRB101204A,1.6,28.8,439806,27.2
GRB101201A,3.2,64.0,439596,60.8
GRB101129A,0.048,0.432,439471,0.384
GRB101117B,0.188,5.36,438675,5.172000000000001
GRB101114A,0.0,8.0,438392,8.0
GRB101030A,-66.88,31.792,437408,98.672
GRB101024A,0.132,18.824,437016,18.692
GRB101023A,0.808,81.632,436981,80.824
GRB101020A,-33.048,139.288,436737,172.336
GRB101017A,-1.872,70.36,436429,72.232
GRB101011A,0.384,71.276,436094,70.892
GRB101008A,-1.832,101.672,435903,103.50399999999999
GRB100928A,0.024,4.184,435160,4.16
GRB100924A,0.524,72.472,434843,71.948
GRB100917A,-0.756,63.06,434360,63.816
GRB100915A,-28.264,170.932,434178,199.196
GRB100906A,1.728,116.36,433509,114.632
GRB100905A,-1.52,1.876,433442,3.396
GRB100904A,-13.592,17.656,433273,31.247999999999998
GRB100902A,-35.972,392.856,433160,428.828
GRB100901A,0.288,436.944,433065,436.656
GRB100823A,-0.452,17.284,432420,17.736
GRB100816A,-0.308,2.576,431764,2.884
GRB100814A,-0.032,177.232,431605,177.264
GRB100807A,-5.184,2.56,431128,7.744
GRB100805A,-0.224,16.512,430957,16.736
GRB100802A,0.256,487.596,430603,487.34000000000003
GRB100728B,-1.28,10.8,430172,12.08
GRB100728A,-39.68,153.704,430151,193.38400000000001
GRB100727A,-50.684,21.216,430094,71.9
GRB100725B,0.784,174.48,429969,173.696
GRB100725A,-0.252,122.988,429954,123.24
GRB100724A,0.148,1.536,429868,1.3880000000000001
GRB100719A,-3.936,32.064,429357,36.0
GRB100704A,-15.292,181.588,426722,196.88
GRB100702A,-0.304,0.208,426438,0.512
GRB100628A,-0.004,0.032,426114,0.036000000000000004
GRB100625A,-0.048,0.284,425647,0.33199999999999996
GRB100621A,1.216,64.768,425151,63.552
GRB100619A,0.284,97.984,424998,97.69999999999999
GRB100615A,1.296,40.116,424733,38.82
GRB100614A,0.0,225.0,424716,225.0
GRB100606A,0.708,68.092,424031,67.384
GRB100526B,-22.352,44.648,423184,67.0
GRB100526A,-20.856,76.744,423181,97.6
GRB100522A,-15.144,32.856,422783,48.0
GRB100514A,2.248,25.264,421962,23.016
GRB100513A,-39.776,43.72,421814,83.49600000000001
GRB100508A,3.532,52.792,421386,49.260000000000005
GRB100504A,-6.076,90.928,421124,97.00399999999999
GRB100427A,0.0,24.0,420547,24.0
GRB100425A,-1.372,37.596,420398,38.967999999999996
GRB100424A,27.0,131.0,420367,104.0
GRB100423A,0.128,78.996,420247,78.868
GRB100420A,1.196,64.176,419932,62.980000000000004
GRB100418A,-0.376,7.552,419797,7.928
GRB100413B,0.0,16.0,419380,16.0
GRB100413A,6.484,199.124,419404,192.64
GRB100401A,0.0,2.0,417974,2.0
GRB100324A,0.0,6.4,416945,6.4
GRB100322B,0.0,1.0,416771,1.0
GRB100316D,269.848,791.728,416135,521.8799999999999
GRB100316C,-2.652,6.616,416115,9.268
GRB100316B,-0.104,3.732,416103,3.8360000000000003
GRB100316A,-0.696,6.056,416076,6.752
GRB100305A,-0.696,74.92,414905,75.616
GRB100302A,48.544,66.492,414592,17.948000000000008
GRB100224A,0.0,0.484,413805,0.484
GRB100219A,20.116,47.688,412982,27.572000000000003
GRB100216A,0.064,0.272,412522,0.20800000000000002
GRB100213B,-1.856,90.0,412220,91.856
GRB100213A,-0.164,2.052,412217,2.216
GRB100212A,-38.292,125.472,412081,163.764
GRB100206A,-0.004,0.112,411412,0.116
GRB100205A,-4.388,21.456,411248,25.844
GRB100203A,0.0,11.2,411011,11.2
GRB100119A,-9.276,13.792,383063,23.067999999999998
GRB100117A,0.004,0.296,382941,0.292
GRB100115A,0.0,4.0,00377179049,4.0
GRB100111A,-7.464,6.536,382399,14.0
GRB091221,-27.744,35.156,380311,62.9
GRB091208B,0.32,15.12,378559,14.799999999999999
GRB091208A,-0.888,79.112,378554,80.0
GRB091130B,-5.836,95.924,377487,101.76
GRB091127,-0.116,6.84,377179,6.9559999999999995
GRB091117,0.064,0.704,376211,0.6399999999999999
GRB091112,-7.716,9.804,375659,17.52
GRB091109B,0.012,0.284,375409,0.27199999999999996
GRB091109A,0.408,48.44,375246,48.032
GRB091104,7.98,115.116,374875,107.136
GRB091102,-0.412,6.236,374598,6.648
GRB091029,1.024,40.204,374210,39.18
GRB091026,-2.36,171.64,373871,174.0
GRB091024,-5.7,106.58,373674,112.28
GRB091020,-4.084,34.836,373458,38.92
GRB091018,0.24,4.608,373172,4.367999999999999
GRB090929B,-2.176,355.184,371050,357.36
GRB090929A,0.224,43.472,00075259002,43.248000000000005
GRB090927,0.104,2.264,370846,2.1599999999999997
GRB090926B,-16.936,82.348,370791,99.28399999999999
GRB090916,0.136,62.584,362818,62.448
GRB090915,0.0,9.6,362785,9.6
GRB090912,0.924,136.44,362633,135.516
GRB090904B,-15.168,48.832,361831,64.0
GRB090904A,44.164,173.696,361830,129.53199999999998
GRB090831C,1.112,79.064,361489,77.952
GRB090827,0.0,8.0,361029,8.0
GRB090823,0.0,25.6,00036390005,25.6
GRB090815C,0.0,0.576,360068,0.576
GRB090814A,-12.528,65.536,359951,78.06400000000001
GRB090813,-0.164,6.98,359884,7.144
GRB090812,-1.748,72.748,359711,74.49600000000001
GRB090809A,-0.144,8.724,359530,8.868
GRB090807A,-0.444,145.908,359378,146.35199999999998
GRB090728,-15.912,48.088,358574,64.0
GRB090727,0.892,302.772,358520,301.88
GRB090726,-17.06,39.616,358422,56.676
GRB090720A,0.0,4.8,357811,4.8
GRB090715B,-0.716,265.684,357512,266.40000000000003
GRB090715A,-15.064,48.936,357498,64.0
GRB090712,-82.256,120.644,357072,202.9
GRB090709B,-2.944,24.0,356912,26.944
GRB090709A,-1.252,87.492,356890,88.744
GRB090708,0.496,9.204,356776,8.708
GRB090628,-21.524,3.42,355942,24.944000000000003
GRB090621B,-0.012,0.128,355359,0.14
GRB090621A,-1.54,217.696,355303,219.236
GRB090618,10.456,123.796,355083,113.34
GRB090607,0.084,2.376,354299,2.292
GRB090531B,0.44,55.436,353728,54.996
GRB090531A,-16.808,25.992,353627,42.8
GRB090530,0.044,40.5,353567,40.456
GRB090529A,-38.26,32.184,353540,70.44399999999999
GRB090520,0.0,14.4,352671,14.4
GRB090519,-10.864,47.172,352648,58.036
GRB090518,-1.2,84.624,352420,85.824
GRB090516A,-4.272,176.736,352190,181.00799999999998
GRB090515,0.008,0.044,352108,0.036
GRB090510,-0.016,5.648,351588,5.664
GRB090509,-47.464,288.912,351525,336.376
GRB090429B,-3.656,1.924,350854,5.58
GRB090429A,-8.576,175.424,350853,184.0
GRB090426,0.032,1.268,350479,1.236
GRB090424,-0.12,49.34,350311,49.46
GRB090423,0.308,10.612,350184,10.304
GRB090422,-0.268,8.208,349931,8.476
GRB090419,18.656,472.9,349592,454.24399999999997
GRB090418B,3.0,41.0,00090078001,38.0
GRB090418A,-2.992,53.312,349510,56.303999999999995
GRB090417B,332.804,599.744,349450,266.94000000000005
GRB090417A,0.0,0.068,349447,0.068
GRB090410,-35.564,129.584,348929,165.148
GRB090407,-12.088,303.384,348650,315.47200000000004
GRB090404,-19.472,62.548,348428,82.02000000000001
GRB090401B,0.74,187.244,348152,186.504
GRB090401A,13.672,130.676,348128,117.00399999999999
GRB090313,-16.264,66.776,346386,83.03999999999999
GRB090309A,-0.824,2.176,345945,3.0
GRB090308A,17.124,42.22,345777,25.096
GRB090307A,-7.432,14.568,345551,22.0
GRB090306B,1.0,22.0,00031369001,21.0
GRB090305A,0.044,0.584,345127,0.5399999999999999
GRB090301A,-1.804,39.568,344582,41.372
GRB090205,-2.604,6.208,342121,8.812000000000001
GRB090201,1.444,75.708,341749,74.264
GRB090129,0.396,18.02,341504,17.624
GRB090123,-44.296,93.048,340895,137.344
GRB090118,0.82,14.344,00031292054,13.524
GRB090113,-0.092,9.004,339852,9.096
GRB090111,-1.632,23.628,339696,25.26
GRB090107A,0.496,12.58,339295,12.084
GRB090102,-11.696,16.624,338895,28.32
GRB081230,-0.904,59.788,338633,60.692
GRB081228,-0.128,2.872,338338,3.0
GRB081226A,-0.028,0.408,338177,0.436
GRB081222,0.672,33.672,337914,33.0
GRB081221,4.616,38.524,337889,33.908
GRB081211B,3.2,67.2,00090053089,64.0
GRB081211A,-0.892,2.532,337115,3.424
GRB081210,-8.776,137.132,337073,145.90800000000002
GRB081203B,8.0,169.6,00336489000,161.6
GRB081203A,-14.88,208.12,336489,223.0
GRB081128,-48.804,53.512,335895,102.316
GRB081127,-9.22,8.08,335715,17.3
GRB081126,-17.784,39.864,335647,57.647999999999996
GRB081121,-3.432,14.088,335105,17.52
GRB081118,20.28,73.684,334877,53.403999999999996
GRB081109A,-36.256,185.232,334112,221.488
GRB081105A,0.0,9.6,333811,9.6
GRB081104,-14.696,49.304,333666,64.0
GRB081102,-17.34,32.98,333427,50.31999999999999
GRB081101,0.016,0.196,333320,0.18
GRB081029,-24.064,251.04,332931,275.104
GRB081028A,50.648,335.072,332851,284.424
GRB081025,1.848,24.608,00035650186,22.76
GRB081024A,-1.624,0.2,332516,1.824
GRB081022,11.488,169.068,332399,157.58
GRB081016B,0.232,2.848,331856,2.6159999999999997
GRB081012,-21.084,7.888,331475,28.972
GRB081011,1.104,18.192,331332,17.088
GRB081008,-43.372,144.452,331093,187.824
GRB081007,-4.0,5.728,330856,9.728
GRB080928,64.46,298.12,326115,233.66000000000003
GRB080919,0.12,0.72,325268,0.6
GRB080916B,-0.948,32.596,324907,33.544
GRB080916A,-0.576,60.772,324895,61.348
GRB080915B,-0.156,3.896,324805,4.052
GRB080915A,-0.816,25.472,324744,26.288
GRB080913,-3.28,4.176,324561,7.4559999999999995
GRB080906,-67.732,80.48,323984,148.212
GRB080905B,0.412,121.348,323898,120.93599999999999
GRB080905A,0.048,1.064,323870,1.016
GRB080903,-7.744,58.596,323542,66.34
GRB080810,-6.224,101.444,319584,107.668
GRB080805,-1.072,105.552,319036,106.62400000000001
GRB080804,0.78,38.652,319016,37.872
GRB080802,-16.904,162.6,318832,179.504
GRB080727C,1.68,79.044,318170,77.36399999999999
GRB080727B,0.092,8.756,318101,8.664
GRB080727A,0.06,4.972,318094,4.912000000000001
GRB080725,-62.404,30.332,317888,92.736
GRB080723A,0.04,17.376,317662,17.336000000000002
GRB080721,-8.088,121.608,317508,129.696
GRB080714,-2.54,23.272,316910,25.811999999999998
GRB080710,-90.62,52.368,316534,142.988
GRB080707,-1.212,28.952,316204,30.164
GRB080703,-1.472,2.044,315819,3.516
GRB080702B,0.644,16.056,00315630003,15.412
GRB080702A,-0.048,0.464,315710,0.512
GRB080701,-2.076,15.74,315615,17.816
GRB080623,-0.16,14.936,315080,15.096
GRB080613B,-1.376,78.072,313954,79.44800000000001
GRB080607,-2.996,75.976,313417,78.972
GRB080605,-2.804,15.252,313299,18.056
GRB080604,-24.336,53.272,313116,77.608
GRB080603B,0.944,60.068,313087,59.123999999999995
GRB080602,-9.756,64.532,312958,74.288
GRB080524,0.0,6.4,312277,6.4
GRB080523,-15.112,32.888,312242,48.0
GRB080520,-0.132,3.192,312047,3.3240000000000003
GRB080517,0.544,65.052,311874,64.50800000000001
GRB080516,0.156,5.92,311762,5.764
GRB080515,-6.0,14.864,311658,20.864
GRB080506,31.68,183.88,311159,152.2
GRB080503,-2.192,173.808,310785,176.0
GRB080430,0.376,14.248,310613,13.872
GRB080426,-0.024,1.708,310219,1.732
GRB080413B,-1.264,6.736,309111,8.0
GRB080413A,1.116,47.476,309096,46.36
GRB080411,4.72,61.048,309010,56.328
GRB080409,-12.764,9.892,308812,22.656
GRB080405,3.2,67.2,308549,64.0
GRB080330,-0.08,60.284,308041,60.364
GRB080328,0.084,91.192,307931,91.10799999999999
GRB080325,-26.944,139.796,307604,166.73999999999998
GRB080320,-1.124,12.692,306858,13.816
GRB080319D,7.232,34.172,306793,26.939999999999998
GRB080319C,0.212,29.764,306778,29.552
GRB080319B,5.044,129.904,306757,124.86
GRB080319A,1.336,44.952,306754,43.616
GRB080310,-57.84,305.372,305288,363.212
GRB080307,2.56,126.56,305011,124.0
GRB080303,0.248,67.836,304549,67.588
GRB080229A,-15.144,48.856,304379,64.0
GRB080218B,-0.528,6.0,303631,6.5280000000000005
GRB080218A,-11.504,11.296,303609,22.799999999999997
GRB080212,-54.768,71.544,303105,126.312
GRB080210,-9.968,32.296,302888,42.263999999999996
GRB080207,30.784,323.244,302728,292.46000000000004
GRB080205,-5.492,100.804,302506,106.296
GRB080130,3.2,64.0,00074372007,60.8
GRB080129,-1.444,48.736,301981,50.18
GRB080123,0.028,114.94,301578,114.91199999999999
GRB080121,0.048,0.368,301491,0.32
GRB071227,0.064,142.544,299787,142.48000000000002
GRB071129,-0.412,407.668,297628,408.08
GRB071122,-22.588,48.844,297114,71.432
GRB071118,-24.76,80.84,296856,105.60000000000001
GRB071117,-0.204,5.872,296805,6.076
GRB071112B,-0.048,0.256,296503,0.304
GRB071101,-1.316,3.508,295779,4.824
GRB071031,-1.128,179.516,295670,180.64399999999998
GRB071028B,1.6,52.8,295492,51.199999999999996
GRB071028A,20.164,47.02,295527,26.856
GRB071025,56.492,297.788,295301,241.29600000000002
GRB071021,-15.704,213.016,294974,228.72
GRB071020,-2.452,1.848,294835,4.3
GRB071018,132.196,405.764,294645,273.568
GRB071013,4.112,79.696,294120,75.584
GRB071011,-4.228,61.652,293924,65.88
GRB071010C,0.0,12.8,293804,12.8
GRB071010B,-21.464,14.66,293795,36.123999999999995
GRB071010A,-0.904,5.42,293707,6.324
GRB071008,-8.064,9.92,293587,17.984
GRB071006,1.6,44.8,293250,43.199999999999996
GRB071003,-1.48,146.908,292934,148.38799999999998
GRB071001,0.92,58.348,292826,57.428
GRB070923,-0.004,0.036,292004,0.039999999999999994
GRB070920B,-11.208,11.048,291728,22.256
GRB070920A,16.88,72.64,291614,55.760000000000005
GRB070917,0.212,8.932,291292,8.72
GRB070913,-1.496,1.188,290843,2.684
GRB070911,-31.312,130.412,290624,161.72400000000002
GRB070810B,-0.004,0.068,287409,0.07200000000000001
GRB070810A,-1.504,7.536,287364,9.04
GRB070809,-0.288,0.992,287344,1.28
GRB070808,0.008,58.44,287260,58.431999999999995
GRB070805,0.596,27.028,287088,26.432
GRB070802,5.54,21.34,286809,15.8
GRB070731,-0.056,2.8,286574,2.856
GRB070729,0.02,1.008,286373,0.988
GRB070724A,0.004,0.436,285948,0.432
GRB070721B,-4.104,332.76,285654,336.864
GRB070721A,-0.004,3.344,285653,3.348
GRB070714B,-0.496,65.14,284856,65.636
GRB070714A,-0.704,2.296,284850,3.0
GRB070704,-53.696,331.24,283791,384.93600000000004
GRB070628,-26.116,12.964,283320,39.08
GRB070621,-2.132,31.132,282808,33.264
GRB070616,88.58,495.456,282445,406.87600000000003
GRB070612B,-9.808,8.192,282073,18.0
GRB070612A,1.176,366.456,282066,365.28000000000003
GRB070611,-6.56,6.624,282003,13.184
GRB070531,-1.04,43.58,280958,44.62
GRB070529,3.38,112.28,280706,108.9
GRB070521,-1.988,36.64,279935,38.628
GRB070520B,-15.232,80.768,279898,96.0
GRB070520A,17.0,65.0,279817,48.0
GRB070518,-1.328,4.176,279592,5.5040000000000004
GRB070517,0.94,8.764,279494,7.824
GRB070509,-1.052,6.776,278903,7.827999999999999
GRB070508,-0.412,20.488,278854,20.9
GRB070506,4.176,10.168,278693,5.991999999999999
GRB070429B,-0.196,0.292,277582,0.488
GRB070429A,-10.0,158.0,277571,168.0
GRB070427,0.64,11.72,277356,11.08
GRB070420,-23.204,53.82,276321,77.024
GRB070419B,-3.532,234.476,276212,238.008
GRB070419A,-31.0,129.0,276205,160.0
GRB070412,-3.22,30.656,275119,33.876
GRB070411,-25.124,90.568,275087,115.692
GRB070406,0.016,0.832,274153,0.816
GRB070330,-1.052,5.588,273180,6.640000000000001
GRB070328,-3.808,68.308,272773,72.11600000000001
GRB070326,1.0,19.0,00271019007,18.0
GRB070318,0.72,131.088,271019,130.368
GRB070306,-61.7,147.544,263361,209.24400000000003
GRB070227,0.0,3.2,262347,3.2
GRB070224,-15.0,33.0,261880,48.0
GRB070223,0.536,128.536,261664,128.0
GRB070220,-1.264,124.132,261299,125.396
GRB070219,-1.92,16.08,261132,18.0
GRB070209,0.004,0.072,259803,0.06799999999999999
GRB070208,-15.032,48.968,259714,64.0
GRB070129,-96.712,363.036,258408,459.748
GRB070110,-0.408,88.02,255445,88.428
GRB070107,-15.568,354.732,255029,370.3
GRB070103,0.18,18.588,254532,18.408
GRB061222B,41.704,78.952,252593,37.248
GRB061222A,-4.76,95.24,252588,100.0
GRB061217,0.048,0.272,251634,0.22400000000000003
GRB061210,0.008,85.24,243690,85.232
GRB061202,37.212,131.4,241963,94.188
GRB061201,0.012,0.788,241840,0.776
GRB061126,-0.968,51.656,240766,52.623999999999995
GRB061121,8.912,90.128,239899,81.216
GRB061110B,-14.672,120.576,238174,135.248
GRB061110A,-6.204,38.304,238108,44.508
GRB061102,1.3,46.844,236430,45.544000000000004
GRB061028,57.02,162.832,235715,105.81199999999998
GRB061021,1.576,49.396,234905,47.82
GRB061019,-167.752,12.632,234516,180.38400000000001
GRB061007,3.628,79.364,232683,75.736
GRB061006,-22.728,107.064,232585,129.792
GRB061004,0.84,7.1,232339,6.26
GRB061002,-1.6,16.028,231974,17.628
GRB060929,-2.536,550.424,231702,552.9599999999999
GRB060927,-0.08,22.336,231362,22.415999999999997
GRB060926,0.224,9.048,231231,8.824
GRB060923C,8.856,82.584,230711,73.72800000000001
GRB060923B,0.332,9.28,230702,8.947999999999999
GRB060923A,-40.736,17.756,230662,58.492
GRB060919,-0.708,8.292,230115,9.0
GRB060912A,-0.116,4.912,229185,5.028
GRB060908,-8.056,11.24,228581,19.296
GRB060906,-39.928,4.66,228316,44.587999999999994
GRB060904B,0.392,190.372,228006,189.98000000000002
GRB060904A,-0.92,79.14,227996,80.06
GRB060825,-1.988,5.988,226382,7.976000000000001
GRB060814,0.984,146.056,224552,145.072
GRB060813,1.188,17.156,224364,15.967999999999998
GRB060807,-32.816,21.232,223217,54.048
GRB060805A,-0.968,3.96,222683,4.928
GRB060804,-12.952,5.236,222546,18.188
GRB060801,0.052,0.556,222154,0.504
GRB060729,3.136,116.18,221755,113.04400000000001
GRB060719,0.412,67.332,220020,66.91999999999999
GRB060717,-0.224,2.776,219646,3.0
GRB060714,-8.908,107.156,219101,116.06400000000001
GRB060712,2.832,33.744,218582,30.912
GRB060708,0.152,10.18,217805,10.028
GRB060707,-46.38,20.264,217704,66.644
GRB060614,0.332,109.436,214805,109.10400000000001
GRB060607B,0.572,32.156,213934,31.584
GRB060607A,-7.212,95.82,213823,103.032
GRB060605,-64.92,14.92,213630,79.84
GRB060604,-63.248,32.752,213486,96.0
GRB060602A,4.476,79.312,213180,74.836
GRB060526,0.356,298.396,211957,298.04
GRB060522,3.092,72.216,211117,69.124
GRB060516,-47.0,81.0,210254,128.0
GRB060515,2.084,54.456,210084,52.372
GRB060512,-3.792,4.608,209755,8.399999999999999
GRB060510B,43.968,306.904,209352,262.936
GRB060510A,-5.404,14.744,209351,20.148
GRB060507,-3.476,179.832,208870,183.308
GRB060505,1.0,5.0,208654,4.0
GRB060502B,-0.004,0.14,208275,0.14400000000000002
GRB060502A,-3.72,24.728,208169,28.448
GRB060501,-3.272,22.356,208050,25.628
GRB060428B,-15.0,81.0,207399,96.0
GRB060428A,-1.772,37.708,207364,39.48
GRB060427,-8.0,54.0,207281,62.0
GRB060424,-17.844,19.836,206773,37.68
GRB060421,-0.748,11.248,206257,11.995999999999999
GRB060418,-45.62,63.46,205851,109.08
GRB060413,53.164,194.288,205096,141.12400000000002
GRB060403,-4.06,26.528,203755,30.587999999999997
GRB060323,-2.688,21.184,202505,23.872
GRB060322,-19.52,209.952,202442,229.472
GRB060319,2.54,12.828,202035,10.288
GRB060313,-0.092,0.652,201487,0.744
GRB060312,-25.752,18.904,201391,44.656
GRB060306,-0.872,60.068,200638,60.94
GRB060223B,-5.728,4.632,192152,10.36
GRB060223A,-2.08,9.24,192059,11.32
GRB060219,-55.088,6.956,191512,62.044000000000004
GRB060211B,-9.844,17.888,181156,27.732
GRB060211A,54.092,180.552,181126,126.46
GRB060210,-235.816,52.184,180977,288.0
GRB060206,0.152,7.704,180455,7.552
GRB060204B,-19.464,120.0,180241,139.464
GRB060203,-18.004,51.52,180151,69.524
GRB060202,-16.324,176.552,179968,192.876
GRB060124,-0.548,12.876,178750,13.424
GRB060117,0.12,16.972,177666,16.852
GRB060116,-29.048,75.784,177533,104.83200000000001
GRB060115,-35.652,103.44,177408,139.09199999999998
GRB060111B,-1.204,57.628,176918,58.832
GRB060111A,0.416,13.628,176818,13.212
GRB060110,0.272,21.608,176702,21.336000000000002
GRB060109,1.46,117.052,176620,115.59200000000001
GRB060108,-2.56,11.66,176453,14.22
GRB060105,-17.876,36.5,175942,54.376000000000005
GRB060102,-0.896,18.104,175603,19.0
GRB051227,0.128,115.528,174738,115.4
GRB051221B,51.7,94.272,173904,42.572
GRB051221A,0.032,1.424,173780,1.392
GRB051213,-8.348,62.708,172516,71.056
GRB051210,-0.204,1.096,171931,1.3
GRB051117B,1.516,10.536,164279,9.02
GRB051117A,-11.116,129.516,164268,140.632
GRB051114,0.0,2.0,163844,2.0
GRB051113,-28.192,65.104,163765,93.29599999999999
GRB051111,-11.312,52.688,163438,64.0
GRB051109B,-6.816,8.88,163170,15.696000000000002
GRB051109A,-2.536,34.664,163136,37.2
GRB051105A,0.0,0.056,162580,0.056
GRB051021B,-3.136,43.376,160672,46.512
GRB051016B,0.216,4.216,159994,4.0
GRB051016A,-0.136,20.864,159913,21.0
GRB051012,0.0,12.8,159413,12.8
GRB051008,-1.524,10.884,158855,12.408000000000001
GRB051006,-11.888,23.52,158593,35.408
GRB051001,-11.896,178.364,157870,190.26
GRB050925,-0.032,0.06,156838,0.092
GRB050922C,-2.084,2.468,156467,4.552
GRB050922B,27.384,184.408,156434,157.024
GRB050916,11.456,96.64,155408,85.184
GRB050915B,-4.296,38.8,155284,43.096
GRB050915A,-6.528,46.892,155242,53.42
GRB050911,-0.752,15.488,154630,16.24
GRB050908,-4.896,13.388,154112,18.284
GRB050904,15.212,196.788,153514,181.57600000000002
GRB050827,-22.704,27.328,152325,50.032
GRB050826,0.528,30.128,152113,29.6
GRB050824,38.488,63.496,151905,25.008000000000003
GRB050822,0.848,105.14,151486,104.292
GRB050820B,1.54,13.604,151334,12.064
GRB050820A,-1.448,239.32,151207,240.768
GRB050819,-3.328,34.388,151131,37.716
GRB050815,-0.528,2.464,150532,2.992
GRB050814,-0.08,142.772,150314,142.852
GRB050813,-0.004,0.38,150139,0.384
GRB050803,62.248,150.372,148833,88.12400000000002
GRB050802,-2.192,25.264,148646,27.456
GRB050801,0.192,19.76,148522,19.568
GRB050730,-44.736,109.864,148225,154.6
GRB050726,-36.256,10.24,147788,46.496
GRB050724,0.052,98.736,147478,98.684
GRB050721,-1.188,103.512,146970,104.7
GRB050717,2.848,87.864,146372,85.016
GRB050716,-8.348,60.672,146227,69.02
GRB050715,-138.048,48.952,146129,187.0
GRB050714B,17.708,67.072,145994,49.364000000000004
GRB050713B,2.08,123.776,145754,121.696
GRB050713A,-52.744,71.928,145675,124.672
GRB050712,-12.984,38.372,145581,51.356
GRB050701,-3.648,18.048,143708,21.695999999999998
GRB050607,-11.368,36.632,132247,48.0
GRB050603,-9.768,11.232,131560,21.0
GRB050528,-6.664,4.584,130679,11.248
GRB050525A,0.328,9.164,130088,8.836
GRB050509B,0.0,0.024,118749,0.024
GRB050509A,-5.6,4.908,118707,10.508
GRB050507,-2.824,12.176,118248,15.0
GRB050505,-8.644,50.208,117504,58.852
GRB050502B,-15.884,1.84,116116,17.724
GRB050422,-11.296,68.704,115214,80.0
GRB050421,0.2,8.608,115135,8.408000000000001
GRB050418,-5.092,76.668,114893,81.76
GRB050416B,0.188,3.58,114797,3.392
GRB050416A,0.12,6.788,114753,6.668
GRB050412,-6.32,21.252,114485,27.572
GRB050410,-27.024,36.976,114299,64.0
GRB050406,-2.08,3.696,113872,5.776
GRB050401,-5.128,26.964,113120,32.092
GRB050326,-5.084,24.356,112453,29.44
GRB050319,-133.128,18.456,111622,151.58399999999997
GRB050318,3.48,19.604,111529,16.124
GRB050315,-47.808,47.592,111063,95.4
GRB050306,4.916,163.44,107547,158.524
GRB050223,-7.908,14.772,106709,22.68
GRB050219B,-14.376,14.344,106442,28.72
GRB050219A,-3.52,20.292,106415,23.812
GRB050215B,-1.532,9.512,106107,11.044
GRB050215A,0.42,66.832,106106,66.41199999999999
GRB050202,0.012,0.124,104298,0.112
GRB050128,-6.56,21.44,103906,28.0
GRB050126,-11.44,36.56,103780,48.0
GRB050124,-1.132,2.804,103647,3.936
GRB050117,27.812,194.46,102861,166.648
GRB041228,1.336,57.636,100970,56.300000000000004
GRB041226,-0.972,7.324,100815,8.296
GRB041224,-93.648,83.916,100703,177.564
GRB041223,1.764,110.824,100585,109.06
GRB041220,-0.02,5.564,100433,5.584
GRB041219C,0.0,10.0,100380,10.0
GRB041219B,14.681,53.785,100368,39.104
GRB041217,1.184,6.852,100116,5.668
